crpc_section,bnss_section,note
1,1,Short title extent commencement
2,2,Definitions
3,3,Construction of references
4,4,Trial of offences under IPC and other laws
5,5,Saving
41,35,When police may arrest without warrant
41A,35,Notice of appearance before police officer
41B,36,Procedure of arrest and duties of officer making arrest
41C,37,Control room at districts
41D,38,Right of arrested person to meet an advocate of his choice during interrogation
46,43,Arrest how made
49,47,No unnecessary restraint
50,48,Person arrested to be informed of grounds of arrest and of right to bail
50A,49,Obligation of person making arrest to inform about the arrest
51,50,Search of arrested person
54,53,Examination of arrested person by medical officer
55,54,Examination of arrested person
55A,55,Health and safety of arrested person
56,56,Person arrested to be taken before Magistrate or Officer in charge of police station
57,58,Person arrested not to be detained more than twenty-four hours
58,59,Police to report apprehensions
60,61,Pursuit of offenders into other jurisdictions
64,65,Service when persons summoned cannot be found
65,66,Procedure when service cannot be effected as before provided
66,67,Service on corporate bodies and societies
67,68,Service of summons outside local limits
68,69,Service of summons outside India
69,70,Summons how served when person summoned is in active service
70,71,Form of warrant of arrest and duration
72,73,Warrant may be directed to any person
73,74,Warrant directed to police officer
74,75,Warrant directed to any person for arrest
75,76,Notification of substance of warrant
76,77,Person arrested to be brought before Court without delay
78,79,Warrant forwarded for execution outside jurisdiction
81,82,Procedure by Magistrate before whom such person arrested is brought
82,84,Proclamation for person absconding
83,85,Attachment of property of person absconding
88,90,Summons to produce document or other thing
91,93,Search of place entered by person sought to be arrested
93,94,When search warrant may be issued
94,95,Search of suspected place
95,96,Power to declare certain publications forfeited and to issue search warrants for the same
97,98,Search for persons wrongfully confined
98,99,Power to compel restoration of abducted females
100,101,Persons in charge of closed place to allow search
101,102,Disposal of things found in search beyond jurisdiction
102,103,Seizure of property suspected to be stolen
107,107,Security for keeping the peace
108,108,Security for good behaviour from persons disseminating seditious matter
109,109,Security for good behaviour from suspected persons
110,110,Security for good behaviour from habitual offenders
124,124,Power to release persons imprisoned for failing to give security
129,130,Dispersal of assembly by use of civil force
130,131,Use of armed forces to disperse assembly
131,132,Power of certain armed force officers to disperse assembly
132,133,Protection against prosecution for acts done under sections 130 and 131 (renumbered)
133,133,Conditional order for removal of nuisance
144,163,Power to issue order in urgent cases of nuisance or apprehended danger
144A,163,Power to prohibit carrying arms in procession or mass drill
145,164,Procedure where dispute concerning land or water is likely to cause breach of peace
151,170,Arrest to prevent the commission of cognizable offences
154,173,Information in cognizable cases
155,174,Information as to non-cognizable cases and investigation of such cases
156,175,Police officer's power to investigate cognizable case
157,176,Procedure for investigation
158,177,Reports how submitted
160,179,Police officer's power to require attendance of witnesses
161,180,Examination of witnesses by police
162,181,Statements to police not to be signed -- use of statements in evidence
163,182,No inducement to be offered
164,183,Recording of confessions and statements
164A,184,Medical examination of the victim of rape
165,185,Search by police officer
166,186,When officer in charge of police station may require another to issue search-warrant
167,187,Procedure when investigation cannot be completed in twenty-four hours
168,188,Report of investigation by subordinate police officer
169,189,Release of accused when evidence deficient
170,190,Cases to be sent to Magistrate when evidence is sufficient
172,191,Diary of proceedings in investigation
173,193,Report of police officer on completion of investigation
174,194,Police to enquire and report on suicide etc
176,196,Inquiry by Magistrate into cause of death
177,201,Ordinary place of inquiry and trial
178,201,Place of inquiry or trial
179,202,Offence triable where act is done or consequence ensues
182,205,Offence committed by letters etc
184,207,Place of trial for offences triable together
185,208,Power to order cases to be tried in different sessions divisions
186,209,High Court to decide in case of doubt
187,210,Power to issue commission or letter of request
190,210,Cognizance of offences by Magistrates
191,211,Transfer on application of accused
192,212,Making over of cases to Magistrates
193,214,Cognizance of offences by Courts of Session
194,215,Additional and Assistant Sessions Judges to try cases made over to them
195,215,Prosecution for contempt of lawful authority of public servants for offences against public justice and for offences relating to documents given in evidence
196,215,Prosecution for offences against the State and for criminal conspiracy to commit such offence
197,215,Prosecution of Judges and public servants
198,215,Prosecution for offences against marriage
199,216,Prosecution for defamation
200,218,Examination of complainant
201,219,Procedure by Magistrate not competent to take cognizance of the case
202,220,Postponement of issue of process
203,221,Dismissal of complaint
204,222,Issue of process
205,223,Magistrate may dispense with personal attendance of accused
206,224,Special summons in cases of petty offence
207,225,Supply to accused of copy of police report and other documents
208,226,Supply of copies of statements and documents to accused in other cases triable by Court of Session
209,228,Commitment of case to Court of Session when offence is triable exclusively by it
210,229,Procedure to be followed when there is a complaint case and police investigation in respect of the same offence
211,230,Contents of charge
212,231,Particulars as to time place and person
213,232,When manner of committing offence must be stated
214,233,Sense of words used in charge
215,234,Effect of errors
216,235,Court may alter charge
217,236,Recall of witnesses when charge altered
218,237,Separate charges for distinct offences
219,238,Three offences of same kind within year may be charged together
220,239,Trial for more than one offence
221,240,Where it is doubtful what offence has been committed
222,241,When persons charged with one offence can be convicted of another
223,242,Trial of persons for offences which include other offences
224,243,Withdrawal of remaining charges on conviction on one of several charges
225,244,Trial by public prosecutor
226,245,Opening case for prosecution
227,246,Discharge
228,247,Framing of charge
229,248,Conviction on plea of guilty
230,249,Date for prosecution evidence
231,250,Evidence for prosecution
232,251,Acquittal
233,252,Entering upon defence
234,253,Arguments
235,254,Judgment of acquittal or conviction
236,255,Previous conviction
237,256,Procedure in cases instituted otherwise than on police report
238,257,Compliance with section 207
239,258,When accused shall be discharged
240,259,Framing of charge
241,260,Conviction on plea of guilty
242,261,Evidence for prosecution
243,262,Evidence for defence
244,263,Acquittal or conviction
245,264,Acquittal
246,265,Procedure for minor offences
247,266,Evidence for defence in summons-cases
248,267,Acquittal or conviction in summons-cases
249,268,Absence of complainant
250,269,Compensation for accusation without reasonable cause
252,273,Evidence to be taken in presence of accused
253,274,Record in summons-cases and inquiries
254,275,Record in warrant-cases
255,276,Record in trial before Court of Session
256,277,Language of record and judgment
257,278,Tender of pardon to accomplice
258,279,Power to terminate trial in summons-cases
260,286,Power to try summarily
261,287,Summary trial by Magistrate of the second class
262,288,Procedure for summary trials
263,289,Record in summary trials
264,290,Judgment in cases tried summarily
265A,291,Application of the Chapter
265B,292,Application for plea bargaining
265C,293,Guidelines for mutually satisfactory disposition
265D,294,Preparation of report by Court
265E,295,Disposal of the case
265F,296,Finality of the judgment
265G,297,Appeal
265H,298,Power of the Court in plea bargaining
265I,299,Period of detention undergone by the accused to be set off against the sentence of imprisonment
265J,300,Savings
265K,301,Statements of accused not to be used
265L,302,Non-application of the Chapter in certain cases
267,303,Power to summon material witness or examine person present
268,304,Power to recall and re-examine witnesses
272,308,Language of Courts
273,309,Evidence to be taken in presence of accused
274,310,Record in summons-cases
275,311,Record in warrant cases
276,312,Record in sessions trial
277,313,Language of record and judgment
299,317,Proceedings in absentia in cases of proclaimed persons
300,330,Person once convicted or acquitted not to be tried for same offence
301,331,Appearance by public prosecutors
302,332,Permission to conduct prosecution
303,333,Right of person against whom proceedings are instituted to be defended
304,334,Legal aid to accused at State expense in certain cases
306,338,Tender of pardon to accomplice
307,339,Power to direct tender of pardon
308,340,Trial of person not complying with conditions of pardon
309,341,Adjournment and remand
310,342,Local inspection
311,343,Power to summon material witness or examine person present
312,344,Expenses of complainants and witnesses
313,345,Power to examine the accused
314,346,Arguments
315,347,Accused person to be competent witness
316,348,No influence to be used to induce disclosure
317,349,Provision for inquiries and trial being held in the absence of accused in certain cases
318,350,Procedure where accused does not understand proceedings
319,351,Power to proceed against other persons appearing to be guilty of offence
320,352,Compounding of offences
321,353,Withdrawal from prosecution
322,354,Proceedings against lunatic
323,355,Procedure when person of unsound mind is acquitted
324,356,Resumption of proceedings
325,357,Procedure in case of person of unsound mind tried before Court of Session
326,358,Judgment of acquittal on ground of insanity
327,359,Power of Court to release person of unsound mind pending investigation or trial
328,360,Procedure in case of accused being lunatic
329,361,Trial of persons of unsound mind
330,362,Release of person of unsound mind pending trial
331,363,Resumption of inquiry or trial
332,364,Judgment of acquittal on ground of unsoundness of mind
333,365,Power of Court to release person of unsound mind pending investigation or trial
335,366,Judgment of acquittal on ground of mental illness
337,368,Copy of finding with memorandum
338,369,Procedure where lunatic prisoner is reported capable of making his defence
339,370,Delivery of lunatic to care of relative or friend
340,371,Resumption of proceedings
341,372,Procedure in case of accused being of unsound mind
342,373,Safe custody of lunatic
343,374,Delivery of lunatic to care of relative or friend
344,375,Appeal
345,376,Application of Chapter to like proceedings
346,377,Procedure when Court considers that case should be tried by another Court
347,378,Power of Court to postpone or adjourn proceedings
348,379,Summary procedure for trial of certain offences by magistrates
349,380,Judgment to be pronounced
350,381,Contents of judgment
351,382,Language and contents of judgment
352,383,Copy of judgment to be given to accused and other persons
353,384,Judgment of acquittal
354,385,Order to pay compensation
355,386,Order for compensation for groundless arrest
356,387,Order for payment of costs in non-cognizable cases
357,388,Order to pay compensation
357A,389,Victim Compensation Scheme
358,390,Compensation to persons groundlessly arrested
359,391,Order to pay costs in non-cognizable cases
360,392,Order to release on probation of good conduct or after admonition
361,393,Special reasons to be recorded in certain cases
362,394,Court not to alter judgment
363,395,Copy of judgment to be given to accused and other persons
364,396,Judgment when pronounced
365,397,Sessions Judge to see that judgment is correct
366,398,Sentence of death to be submitted by Court of Session
367,399,Power to direct further inquiry
368,400,Power of High Court to confirm sentence or annul conviction
369,401,Confirmation of sentence
370,402,Power of High Court to confirm sentence or annul conviction
371,403,Confirmation or new sentence to be signed by two Judges
372,404,Procedure in case of difference of opinion
373,405,Execution of order of confirmation
374,407,Appeals from conviction
375,408,No appeal in certain cases
376,409,No appeal in petty cases
377,410,Appeal in case of acquittal
378,411,Appeal in case of acquittal
379,412,Appeal against conviction by High Court in certain cases
380,413,Special right of appeal in certain cases
381,414,Appeal to Court of Session how heard
382,415,Petition of appeal
383,416,Procedure when appellant in jail
384,417,Summary dismissal of appeal
385,418,Notice of appeal
386,419,Powers of the Appellate Court
387,420,Order of High Court on appeal to be certified to lower Court
388,421,Suspension of sentence pending the appeal power to release appellant on bail
389,422,Suspension of sentence pending the appeal power to release appellant on bail
390,423,Arrest of accused in appeal from acquittal
391,424,Appellate Court may take further evidence or direct it to be taken
392,425,Procedure where Judges of Court of appeal are equally divided
393,426,Finality of judgments and orders on appeal
394,427,Abatement of appeals
395,428,Reference to High Court
396,429,Reference by Sessions Judge
397,430,Revision
398,431,Power to order inquiry
399,432,Sessions Judge's powers of revision
400,433,Power of Additional Sessions Judge
401,434,High Court's powers of revision
402,435,Power to order further inquiry
403,436,Power of High Court to enhance sentence
404,437,Power to release bail
405,438,Calling for records to exercise powers of revision
406,439,Power of Supreme Court to transfer cases and appeals
407,440,Power of High Court to transfer cases and appeals
408,441,Power of Sessions Judge to transfer cases
409,442,Withdrawal of cases and appeals by Sessions Judge
410,443,Making over or withdrawal of cases by Chief Judicial Magistrate
411,444,Bail
412,445,Direction for bail to apply to superior Court
413,446,Bail to be taken when main accused surrenders
414,447,Prison custody to count as part of imprisonment awarded
415,448,Person in jail
416,449,Execution of sentence
417,450,Imprisonment in default of payment of fine
418,451,Sentence on escaped convict when caught
419,452,Sentence when person already sentenced for another offence
420,453,Return of warrant on execution of sentence
421,454,Warrant for levy of fine
422,455,Effect of concurrent sentences
423,456,Levy of fine
424,457,Power to release on bail person sentenced to fine only
425,458,Suspension of execution of sentence of imprisonment
426,459,Execution of sentence of death
427,460,Sentence of imprisonment to cease on escape
428,461,Remissions and commutations
429,462,Power of State to suspend or remit sentences
430,463,Concurrent sentences
431,464,Limit to imprisonment for fine
432,465,Power of State Government to suspend or remit sentences
433,466,Power of Central Government to suspend or remit sentences
433A,467,Restriction on powers of remission or commutation in certain cases
434,468,Concurrent sentences
435,469,State Government to act after consultation with Central Government
436,470,Bail in bailable offences
436A,479,Maximum period for which an undertrial prisoner can be detained
437,480,When bail may be taken in case of non-bailable offence
437A,481,Bail to require accused to appear before next appellate Court
438,482,Direction for bail in case of apprehension of arrest
439,483,Special powers of High Court or Court of Session regarding bail
440,484,Amount of bond and reduction thereof
441,485,Bond of accused and sureties
441A,486,Declaration by sureties
442,487,Discharge from custody
443,488,Power to order sufficient bail when that first taken is insufficient
444,489,Discharge of sureties
445,490,Deposit instead of recognizance
446,491,Procedure on forfeiture of bond
446A,492,Cancellation of bail bonds
447,493,Procedure in case of insolvency or death of surety or when a bond is forfeited
448,494,Appeals from orders under section 447
449,495,Recognizance for appearance before High Court
450,496,Recognizance for keeping the peace
451,497,Seizure of property
452,498,Delivery to Master of vessel of offender or things
453,499,Procedure by officer in charge of police station on seizure of property
454,500,Powers of Court to order return of property seized
455,501,Property seized in execution of search-warrant
456,502,Disposal of things found in search beyond jurisdiction
457,503,Procedure by police on seizure of property
458,504,Saving of powers of High Court
459,505,Powers of Courts to release or restore
460,506,Provisions for treating cases
461,507,Property regarding which offence is committed to be dealt with
462,508,Power of Supreme Court
463,509,Application to High Court to set aside forfeiture
464,510,Effect of omission to frame or absence of or error in charge
465,511,Finding or sentence when reversible by reason of error omission or irregularity
466,512,Proceedings in wrong place
467,513,Non-compliance with provisions of section 164 or 281
468,514,Irregularities which vitiate proceedings
469,515,Irregularities which do not vitiate proceedings
470,516,Stay of proceedings
471,517,Withdrawal of cases by Sessions Judge
472,518,Making over of cases by Chief Judicial Magistrate
473,519,Limitation for taking cognizance of certain offences
474,520,Exclusion of time of proceeding bona fide in Court without jurisdiction
475,521,Power to issue direction
476,522,Duty of certain officers to file evidence
477,523,General power to make rules
478,524,Powers exercisable by a Judge in vacation
479,525,Language of certain Courts
480,526,Powers of High Court in revision
481,527,Orders for public servants to arrest
482,528,Inherent powers of High Court
483,529,Disposal of property in certain cases
484,530,Power to make rules
485,531,Power to amend first schedule
486,532,Repeal and savings
